timestamp,Funding Rate
2024-01-17 16:00:00.000,0.01
2024-01-18 00:00:00.001,0.01
2024-01-18 08:00:00.000,0.01
2024-01-18 16:00:00.000,0.01
2024-01-19 00:00:00.000,0.01
2024-01-19 08:00:00.000,0.01
2024-01-19 16:00:00.002,0.01
2024-01-20 00:00:00.000,0.01
2024-01-20 08:00:00.003,0.01
2024-01-20 16:00:00.000,0.01
2024-01-21 00:00:00.000,0.01
2024-01-21 08:00:00.000,0.01
2024-01-21 16:00:00.000,0.01
2024-01-22 00:00:00.000,0.01
2024-01-22 08:00:00.000,0.01
2024-01-22 16:00:00.000,0.01
2024-01-23 00:00:00.000,0.01
2024-01-23 08:00:00.000,0.01
2024-01-23 16:00:00.000,0.01
2024-01-24 00:00:00.000,0.01
2024-01-24 08:00:00.000,0.01
2024-01-24 16:00:00.000,0.01
2024-01-25 00:00:00.000,0.01
2024-01-25 08:00:00.001,0.01
2024-01-25 16:00:00.000,0.01
2024-01-26 00:00:00.001,0.01
2024-01-26 08:00:00.000,0.01
2024-01-26 16:00:00.000,0.01
2024-01-27 00:00:00.000,0.008966
2024-01-27 08:00:00.000,0.01
2024-01-27 16:00:00.000,0.0083
2024-01-28 00:00:00.000,0.01
2024-01-28 08:00:00.000,0.004725
2024-01-28 16:00:00.000,0.01
2024-01-29 00:00:00.000,0.01
2024-01-29 08:00:00.001,0.009142
2024-01-29 16:00:00.000,0.01
2024-01-30 00:00:00.000,0.01
2024-01-30 08:00:00.000,0.009492
2024-01-30 16:00:00.001,0.005149
2024-01-31 00:00:00.000,0.002154
2024-01-31 08:00:00.000,0.01
2024-01-31 16:00:00.000,0.01
2024-02-01 00:00:00.000,0.01
2024-02-01 08:00:00.000,0.01
2024-02-01 16:00:00.002,0.01
2024-02-02 00:00:00.000,0.01
2024-02-02 08:00:00.000,0.01
2024-02-02 16:00:00.000,0.01
2024-02-03 00:00:00.000,0.007627
2024-02-03 08:00:00.000,0.009042
2024-02-03 16:00:00.001,0.008028
2024-02-04 00:00:00.000,0.008307
2024-02-04 08:00:00.004,0.008846
2024-02-04 16:00:00.000,0.01
2024-02-05 00:00:00.000,0.01
2024-02-05 08:00:00.000,0.01
2024-02-05 16:00:00.000,0.01
2024-02-06 00:00:00.000,0.01
2024-02-06 08:00:00.001,0.006723000000000001
2024-02-06 16:00:00.000,0.01
2024-02-07 00:00:00.000,0.007527000000000001
2024-02-07 08:00:00.000,0.005373
2024-02-07 16:00:00.000,0.008306
2024-02-08 00:00:00.000,0.01
2024-02-08 08:00:00.000,0.006535
2024-02-08 16:00:00.000,0.00259
2024-02-09 00:00:00.000,0.00316
2024-02-09 08:00:00.000,0.01
2024-02-09 16:00:00.001,0.009801
2024-02-10 00:00:00.001,0.008041
2024-02-10 08:00:00.000,0.01
2024-02-10 16:00:00.000,0.01
2024-02-11 00:00:00.000,0.01
2024-02-11 08:00:00.001,0.01
2024-02-11 16:00:00.000,0.01
2024-02-12 00:00:00.000,0.01
2024-02-12 08:00:00.000,0.01
2024-02-12 16:00:00.000,0.01
2024-02-13 00:00:00.000,0.01
2024-02-13 08:00:00.000,0.01
2024-02-13 16:00:00.000,0.01
2024-02-14 00:00:00.000,0.01
2024-02-14 08:00:00.000,0.01
2024-02-14 16:00:00.000,0.012282999999999999
2024-02-15 00:00:00.000,0.01
2024-02-15 08:00:00.000,0.01
2024-02-15 16:00:00.000,0.01
2024-02-16 00:00:00.000,0.01
2024-02-16 08:00:00.000,0.01
2024-02-16 16:00:00.000,0.01
2024-02-17 00:00:00.000,0.01
2024-02-17 08:00:00.000,0.01
2024-02-17 16:00:00.000,0.016041
2024-02-18 00:00:00.000,0.01724
2024-02-18 08:00:00.000,0.015305000000000001
2024-02-18 16:00:00.000,0.017095
2024-02-19 00:00:00.000,0.023064
2024-02-19 08:00:00.000,0.019594
2024-02-19 16:00:00.000,0.013327
2024-02-20 00:00:00.000,0.010461
2024-02-20 08:00:00.000,0.010912
2024-02-20 16:00:00.000,0.020259
2024-02-21 00:00:00.000,0.01
2024-02-21 08:00:00.000,0.011242
2024-02-21 16:00:00.000,0.01
2024-02-22 00:00:00.001,0.01
2024-02-22 08:00:00.001,0.013479999999999999
2024-02-22 16:00:00.000,0.012557
2024-02-23 00:00:00.000,0.01
2024-02-23 08:00:00.000,0.01
2024-02-23 16:00:00.000,0.012991
2024-02-24 00:00:00.000,0.01
2024-02-24 08:00:00.001,0.01
2024-02-24 16:00:00.000,0.01
2024-02-25 00:00:00.001,0.011438
2024-02-25 08:00:00.000,0.015012000000000001
2024-02-25 16:00:00.000,0.015061999999999999
2024-02-26 00:00:00.000,0.026761
2024-02-26 08:00:00.000,0.021567
2024-02-26 16:00:00.000,0.027227
2024-02-27 00:00:00.000,0.032262
2024-02-27 08:00:00.000,0.073521
2024-02-27 16:00:00.000,0.022965
2024-02-28 00:00:00.000,0.026729
2024-02-28 08:00:00.000,0.023682
2024-02-28 16:00:00.000,0.053538
2024-02-29 00:00:00.000,0.069091
2024-02-29 08:00:00.000,0.076337
2024-02-29 16:00:00.000,0.057031
2024-03-01 00:00:00.000,0.05332200000000001
2024-03-01 08:00:00.000,0.064824
2024-03-01 16:00:00.000,0.04601
2024-03-02 00:00:00.000,0.033426000000000004
2024-03-02 08:00:00.001,0.057174
2024-03-02 16:00:00.000,0.056395999999999995
2024-03-03 00:00:00.000,0.046266999999999996
2024-03-03 08:00:00.000,0.042989
2024-03-03 16:00:00.000,0.044598
2024-03-04 00:00:00.000,0.055071
2024-03-04 08:00:00.000,0.046833
2024-03-04 16:00:00.000,0.06362
2024-03-05 00:00:00.000,0.04896
2024-03-05 08:00:00.000,0.082969
2024-03-05 16:00:00.000,0.088148
2024-03-06 00:00:00.000,0.03628
2024-03-06 08:00:00.001,0.033876
2024-03-06 16:00:00.000,0.049354
2024-03-07 00:00:00.000,0.030310999999999998
2024-03-07 08:00:00.000,0.040984
2024-03-07 16:00:00.000,0.054217
2024-03-08 00:00:00.000,0.034819
2024-03-08 08:00:00.000,0.043497
2024-03-08 16:00:00.000,0.062913
2024-03-09 00:00:00.000,0.019133999999999998
2024-03-09 08:00:00.001,0.031281
2024-03-09 16:00:00.000,0.026407
2024-03-10 00:00:00.000,0.03101
2024-03-10 08:00:00.000,0.06345100000000001
2024-03-10 16:00:00.000,0.054479
2024-03-11 00:00:00.000,0.035489
2024-03-11 08:00:00.000,0.078428
2024-03-11 16:00:00.000,0.066396
2024-03-12 00:00:00.000,0.04447
2024-03-12 08:00:00.000,0.0453
2024-03-12 16:00:00.000,0.047935000000000005
2024-03-13 00:00:00.000,0.033224
2024-03-13 08:00:00.001,0.06442
2024-03-13 16:00:00.000,0.045402000000000005
2024-03-14 00:00:00.001,0.024393
2024-03-14 08:00:00.000,0.038753
2024-03-14 16:00:00.000,0.038258
2024-03-15 00:00:00.000,0.038515
2024-03-15 08:00:00.000,0.014328
2024-03-15 16:00:00.000,0.015306
2024-03-16 00:00:00.000,0.01
2024-03-16 08:00:00.000,0.023202
2024-03-16 16:00:00.000,0.020813
2024-03-17 00:00:00.000,0.013088999999999998
2024-03-17 08:00:00.000,0.017773
2024-03-17 16:00:00.000,0.024827
2024-03-18 00:00:00.000,0.020181
2024-03-18 08:00:00.000,0.030597000000000003
2024-03-18 16:00:00.001,0.027195000000000004
2024-03-19 00:00:00.000,0.026923000000000002
2024-03-19 08:00:00.000,0.029065
2024-03-19 16:00:00.001,0.024017999999999998
2024-03-20 00:00:00.000,0.015847
2024-03-20 08:00:00.004,0.018388
2024-03-20 16:00:00.000,0.01
2024-03-21 00:00:00.000,0.010403
2024-03-21 08:00:00.000,0.019304
2024-03-21 16:00:00.000,0.01951
2024-03-22 00:00:00.000,0.016271
2024-03-22 08:00:00.000,0.01
2024-03-22 16:00:00.000,0.011993
2024-03-23 00:00:00.000,0.01
2024-03-23 08:00:00.000,0.01
2024-03-23 16:00:00.000,0.010806000000000001
2024-03-24 00:00:00.000,0.010351
2024-03-24 08:00:00.000,0.014616
2024-03-24 16:00:00.000,0.015884
2024-03-25 00:00:00.000,0.025549
2024-03-25 08:00:00.001,0.016323999999999998
2024-03-25 16:00:00.000,0.028814999999999997
2024-03-26 00:00:00.000,0.021963
2024-03-26 08:00:00.000,0.018348
2024-03-26 16:00:00.000,0.026763999999999996
2024-03-27 00:00:00.000,0.028757
2024-03-27 08:00:00.001,0.029551
2024-03-27 16:00:00.000,0.043630999999999996
2024-03-28 00:00:00.000,0.024195
2024-03-28 08:00:00.000,0.029899000000000002
2024-03-28 16:00:00.000,0.02943
2024-03-29 00:00:00.000,0.01825
2024-03-29 08:00:00.000,0.025455999999999996
2024-03-29 16:00:00.000,0.030170000000000002
2024-03-30 00:00:00.000,0.019624
2024-03-30 08:00:00.000,0.032267
2024-03-30 16:00:00.000,0.03436
2024-03-31 00:00:00.000,0.032351
2024-03-31 08:00:00.000,0.039889
2024-03-31 16:00:00.001,0.040301
2024-04-01 00:00:00.000,0.070161
2024-04-01 08:00:00.000,0.033491
2024-04-01 16:00:00.000,0.027469
2024-04-02 00:00:00.007,0.010926
2024-04-02 08:00:00.015,0.01
2024-04-02 16:00:00.000,0.016456000000000002
2024-04-03 00:00:00.000,0.01
2024-04-03 08:00:00.000,0.01
2024-04-03 16:00:00.000,0.01
2024-04-04 00:00:00.000,0.01
2024-04-04 08:00:00.000,0.01
2024-04-04 16:00:00.000,0.01
2024-04-05 00:00:00.000,0.01
2024-04-05 08:00:00.000,0.01
2024-04-05 16:00:00.000,0.01
2024-04-06 00:00:00.000,0.01
2024-04-06 08:00:00.000,0.01
2024-04-06 16:00:00.000,0.01
2024-04-07 00:00:00.000,0.01
2024-04-07 08:00:00.000,0.01
2024-04-07 16:00:00.000,0.01
2024-04-08 00:00:00.001,0.01
2024-04-08 08:00:00.000,0.01
2024-04-08 16:00:00.006,0.035189
2024-04-09 00:00:00.000,0.020915
2024-04-09 08:00:00.001,0.020603
2024-04-09 16:00:00.001,0.019060999999999998
2024-04-10 00:00:00.000,0.011929
2024-04-10 08:00:00.001,0.012457000000000001
2024-04-10 16:00:00.000,0.01
2024-04-11 00:00:00.000,0.013978999999999998
2024-04-11 08:00:00.000,0.020153
2024-04-11 16:00:00.000,0.019763
2024-04-12 00:00:00.000,0.011257999999999999
2024-04-12 08:00:00.001,0.02563
2024-04-12 16:00:00.000,0.012214
2024-04-13 00:00:00.000,0.01
2024-04-13 08:00:00.000,0.01
2024-04-13 16:00:00.001,0.01
2024-04-14 00:00:00.000,0.01
2024-04-14 08:00:00.000,0.01
2024-04-14 16:00:00.000,0.01
2024-04-15 00:00:00.000,0.01
2024-04-15 08:00:00.001,0.001759
2024-04-15 16:00:00.000,0.01
2024-04-16 00:00:00.001,0.005953
2024-04-16 08:00:00.000,0.009525
2024-04-16 16:00:00.000,0.0035129999999999996
2024-04-17 00:00:00.000,0.0063750000000000005
2024-04-17 08:00:00.000,0.003574
2024-04-17 16:00:00.000,0.006534
2024-04-18 00:00:00.000,0.006937
2024-04-18 08:00:00.000,0.005982
2024-04-18 16:00:00.000,-0.003334
2024-04-19 00:00:00.001,-0.00312
2024-04-19 08:00:00.000,0.006640999999999999
2024-04-19 16:00:00.000,0.00588
2024-04-20 00:00:00.000,0.01
2024-04-20 08:00:00.000,-0.000766
2024-04-20 16:00:00.000,0.004203999999999999
2024-04-21 00:00:00.000,0.0031860000000000005
2024-04-21 08:00:00.000,-0.0020930000000000002
2024-04-21 16:00:00.000,0.008271
2024-04-22 00:00:00.000,0.004409
2024-04-22 08:00:00.000,0.002497
2024-04-22 16:00:00.000,0.000898
2024-04-23 00:00:00.000,-0.0012360000000000001
2024-04-23 08:00:00.000,0.00524
2024-04-23 16:00:00.001,-0.001083
2024-04-24 00:00:00.000,0.001413
2024-04-24 08:00:00.000,0.005301999999999999
2024-04-24 16:00:00.000,0.0070469999999999994
2024-04-25 00:00:00.000,0.00702
2024-04-25 08:00:00.000,0.004069
2024-04-25 16:00:00.010,0.00114
2024-04-26 00:00:00.001,0.001709
2024-04-26 08:00:00.000,0.000685
2024-04-26 16:00:00.000,0.005562
2024-04-27 00:00:00.000,0.01
2024-04-27 08:00:00.001,0.00747
2024-04-27 16:00:00.000,0.002834
2024-04-28 00:00:00.000,0.001006
2024-04-28 08:00:00.000,-0.002081
2024-04-28 16:00:00.000,0.002782
2024-04-29 00:00:00.000,0.0024720000000000002
2024-04-29 08:00:00.000,0.0055439999999999994
2024-04-29 16:00:00.000,0.006828000000000001
2024-04-30 00:00:00.000,0.00974
2024-04-30 08:00:00.000,0.009153999999999999
2024-04-30 16:00:00.000,0.01
2024-05-01 00:00:00.000,0.01
2024-05-01 08:00:00.000,0.008946
2024-05-01 16:00:00.000,0.009902
2024-05-02 00:00:00.000,0.006634
2024-05-02 08:00:00.000,0.006169
2024-05-02 16:00:00.002,-0.000123
2024-05-03 00:00:00.000,-0.0015489999999999998
2024-05-03 08:00:00.000,-0.003764
2024-05-03 16:00:00.000,0.008091
2024-05-04 00:00:00.000,0.002703
2024-05-04 08:00:00.000,0.007455
2024-05-04 16:00:00.000,0.006265000000000001
2024-05-05 00:00:00.000,0.006906000000000001
2024-05-05 08:00:00.000,0.000647
2024-05-05 16:00:00.000,0.003893
2024-05-06 00:00:00.000,0.000602
2024-05-06 08:00:00.000,-0.001031
2024-05-06 16:00:00.000,0.007745999999999999
2024-05-07 00:00:00.000,0.006064
2024-05-07 08:00:00.000,0.001581
2024-05-07 16:00:00.000,0.009028
2024-05-08 00:00:00.000,0.0048909999999999995
2024-05-08 08:00:00.000,0.005553
2024-05-08 16:00:00.000,0.009292
2024-05-09 00:00:00.000,0.005648
2024-05-09 08:00:00.000,0.003315
2024-05-09 16:00:00.000,0.007253
2024-05-10 00:00:00.000,0.001026
2024-05-10 08:00:00.000,0.005934
2024-05-10 16:00:00.000,0.007653
2024-05-11 00:00:00.000,0.008881
2024-05-11 08:00:00.000,0.0037710000000000005
2024-05-11 16:00:00.000,0.005067
2024-05-12 00:00:00.000,0.002604
2024-05-12 08:00:00.000,0.00283
2024-05-12 16:00:00.000,0.01
2024-05-13 00:00:00.001,0.01
2024-05-13 08:00:00.001,0.008469
2024-05-13 16:00:00.000,0.009151
2024-05-14 00:00:00.000,0.009866
2024-05-14 08:00:00.000,0.01
2024-05-14 16:00:00.000,0.004392
2024-05-15 00:00:00.000,0.01
2024-05-15 08:00:00.000,-0.00038500000000000003
2024-05-15 16:00:00.000,0.002373
2024-05-16 00:00:00.004,0.002103
2024-05-16 08:00:00.000,0.005148
2024-05-16 16:00:00.000,0.0035429999999999997
2024-05-17 00:00:00.000,0.004647
2024-05-17 08:00:00.000,0.000815
2024-05-17 16:00:00.000,-0.000298
2024-05-18 00:00:00.000,0.000628
2024-05-18 08:00:00.000,0.008012
2024-05-18 16:00:00.000,-0.0007920000000000001
2024-05-19 00:00:00.000,0.0033389999999999995
2024-05-19 08:00:00.000,0.00521
2024-05-19 16:00:00.000,0.004779
2024-05-20 00:00:00.000,0.005607
2024-05-20 08:00:00.000,0.0024790000000000003
2024-05-20 16:00:00.003,0.002552
2024-05-21 00:00:00.000,0.01
2024-05-21 08:00:00.001,0.010517
2024-05-21 16:00:00.000,0.01
2024-05-22 00:00:00.000,0.01
2024-05-22 08:00:00.000,0.015759
2024-05-22 16:00:00.000,0.01
2024-05-23 00:00:00.000,0.01
2024-05-23 08:00:00.000,0.01
2024-05-23 16:00:00.000,0.01
2024-05-24 00:00:00.000,0.01
2024-05-24 08:00:00.000,0.01
2024-05-24 16:00:00.000,0.01
2024-05-25 00:00:00.000,0.01
2024-05-25 08:00:00.000,0.01
2024-05-25 16:00:00.000,0.01
2024-05-26 00:00:00.000,0.01
2024-05-26 08:00:00.000,0.01
2024-05-26 16:00:00.000,0.01
2024-05-27 00:00:00.000,0.01
2024-05-27 08:00:00.000,0.01
2024-05-27 16:00:00.000,0.01
2024-05-28 00:00:00.000,0.01
2024-05-28 08:00:00.000,0.01
2024-05-28 16:00:00.000,0.01
2024-05-29 00:00:00.001,0.01
2024-05-29 08:00:00.000,0.01
2024-05-29 16:00:00.000,0.012558
2024-05-30 00:00:00.000,0.01
2024-05-30 08:00:00.000,0.01
2024-05-30 16:00:00.000,0.01
2024-05-31 00:00:00.000,0.014599
2024-05-31 08:00:00.000,0.012268000000000001
2024-05-31 16:00:00.000,0.01
2024-06-01 00:00:00.000,0.01
2024-06-01 08:00:00.000,0.01
2024-06-01 16:00:00.001,0.01025
2024-06-02 00:00:00.000,0.01
2024-06-02 08:00:00.000,0.01
2024-06-02 16:00:00.000,0.01
2024-06-03 00:00:00.000,0.01
2024-06-03 08:00:00.000,0.014135
2024-06-03 16:00:00.000,0.01
2024-06-04 00:00:00.000,0.012008
2024-06-04 08:00:00.000,0.01
2024-06-04 16:00:00.000,0.01
2024-06-05 00:00:00.000,0.01
2024-06-05 08:00:00.000,0.016387
2024-06-05 16:00:00.000,0.013226000000000002
2024-06-06 00:00:00.000,0.01
2024-06-06 08:00:00.008,0.010438
2024-06-06 16:00:00.000,0.011770000000000001
2024-06-07 00:00:00.000,0.01
2024-06-07 08:00:00.000,0.01
2024-06-07 16:00:00.000,0.010166
2024-06-08 00:00:00.000,0.01
2024-06-08 08:00:00.000,0.01
2024-06-08 16:00:00.000,0.01
2024-06-09 00:00:00.000,0.01
2024-06-09 08:00:00.000,0.01
2024-06-09 16:00:00.001,0.01
2024-06-10 00:00:00.000,0.01
2024-06-10 08:00:00.000,0.01
2024-06-10 16:00:00.001,0.01
2024-06-11 00:00:00.001,0.01
2024-06-11 08:00:00.000,0.01
2024-06-11 16:00:00.000,0.01
2024-06-12 00:00:00.000,0.01
2024-06-12 08:00:00.000,0.01
2024-06-12 16:00:00.000,0.01
2024-06-13 00:00:00.000,0.01
2024-06-13 08:00:00.001,0.01
2024-06-13 16:00:00.000,0.01
2024-06-14 00:00:00.000,0.01
2024-06-14 08:00:00.000,0.01
2024-06-14 16:00:00.000,0.01
2024-06-15 00:00:00.000,0.01
2024-06-15 08:00:00.000,0.01
2024-06-15 16:00:00.000,0.01
2024-06-16 00:00:00.001,0.01
2024-06-16 08:00:00.000,0.01
2024-06-16 16:00:00.000,0.01
2024-06-17 00:00:00.000,0.01
2024-06-17 08:00:00.000,0.01
2024-06-17 16:00:00.000,0.01
2024-06-18 00:00:00.000,0.01
2024-06-18 08:00:00.000,0.008236
2024-06-18 16:00:00.000,0.01
2024-06-19 00:00:00.001,0.01
2024-06-19 08:00:00.001,0.0041270000000000005
2024-06-19 16:00:00.000,0.002967
2024-06-20 00:00:00.000,0.003934
2024-06-20 08:00:00.000,0.005953
2024-06-20 16:00:00.000,0.006879
2024-06-21 00:00:00.000,0.0033439999999999998
2024-06-21 08:00:00.000,0.007328
2024-06-21 16:00:00.000,0.01
2024-06-22 00:00:00.000,0.01
2024-06-22 08:00:00.000,0.004146
2024-06-22 16:00:00.000,0.01
2024-06-23 00:00:00.000,0.01
2024-06-23 08:00:00.000,0.002307
2024-06-23 16:00:00.000,0.004676
2024-06-24 00:00:00.002,0.009534
2024-06-24 08:00:00.000,0.01
2024-06-24 16:00:00.000,0.007488
2024-06-25 00:00:00.000,0.007447
2024-06-25 08:00:00.000,0.005949
2024-06-25 16:00:00.000,0.007752
2024-06-26 00:00:00.002,0.01
2024-06-26 08:00:00.000,0.01
2024-06-26 16:00:00.000,0.01
2024-06-27 00:00:00.000,0.01
2024-06-27 08:00:00.001,0.01
2024-06-27 16:00:00.000,0.01
2024-06-28 00:00:00.000,0.01
2024-06-28 08:00:00.000,0.01
2024-06-28 16:00:00.000,0.01
2024-06-29 00:00:00.001,0.01
2024-06-29 08:00:00.000,0.01
2024-06-29 16:00:00.000,0.01
2024-06-30 00:00:00.000,0.01
2024-06-30 08:00:00.000,0.01
2024-06-30 16:00:00.000,0.01
2024-07-01 00:00:00.000,0.01
2024-07-01 08:00:00.000,0.01
2024-07-01 16:00:00.001,0.01
2024-07-02 00:00:00.000,0.01
2024-07-02 08:00:00.000,0.01
2024-07-02 16:00:00.000,0.01
2024-07-03 00:00:00.000,0.01
2024-07-03 08:00:00.001,0.01
2024-07-03 16:00:00.000,0.01
2024-07-04 00:00:00.000,0.01
2024-07-04 08:00:00.000,0.01
2024-07-04 16:00:00.000,0.01
2024-07-05 00:00:00.000,0.01
2024-07-05 08:00:00.000,0.01
2024-07-05 16:00:00.000,0.0017620000000000001
2024-07-06 00:00:00.000,0.005729000000000001
2024-07-06 08:00:00.000,0.007512
2024-07-06 16:00:00.000,0.00325
2024-07-07 00:00:00.001,0.008164
2024-07-07 08:00:00.000,0.01
2024-07-07 16:00:00.000,0.01
2024-07-08 00:00:00.000,0.007904999999999999
2024-07-08 08:00:00.000,0.008222
2024-07-08 16:00:00.000,0.01
2024-07-09 00:00:00.000,0.01
2024-07-09 08:00:00.001,0.000861
2024-07-09 16:00:00.000,0.01
2024-07-10 00:00:00.000,0.01
2024-07-10 08:00:00.000,0.009225
2024-07-10 16:00:00.000,0.005484999999999999
2024-07-11 00:00:00.002,0.01
2024-07-11 08:00:00.002,0.01
2024-07-11 16:00:00.004,0.01
2024-07-12 00:00:00.000,0.006378
2024-07-12 08:00:00.000,0.003026
2024-07-12 16:00:00.000,0.004037
2024-07-13 00:00:00.000,0.008319
2024-07-13 08:00:00.000,0.0068650000000000004
2024-07-13 16:00:00.000,0.01
2024-07-14 00:00:00.000,0.008737
2024-07-14 08:00:00.000,0.00371
2024-07-14 16:00:00.000,0.008342
2024-07-15 00:00:00.000,0.0045899999999999995
2024-07-15 08:00:00.000,0.003202
2024-07-15 16:00:00.000,-0.000514
2024-07-16 00:00:00.000,-0.005062
2024-07-16 08:00:00.000,0.008814
2024-07-16 16:00:00.000,0.002717
2024-07-17 00:00:00.000,-0.003419
2024-07-17 08:00:00.001,0.001775
2024-07-17 16:00:00.000,0.002143
2024-07-18 00:00:00.000,0.000689
2024-07-18 08:00:00.000,0.001546
2024-07-18 16:00:00.000,0.0031269999999999996
2024-07-19 00:00:00.000,0.0040290000000000005
2024-07-19 08:00:00.000,0.004855
2024-07-19 16:00:00.000,0.004606000000000001
2024-07-20 00:00:00.001,-0.003077
2024-07-20 08:00:00.000,0.001944
2024-07-20 16:00:00.000,0.001622
2024-07-21 00:00:00.000,-0.005313
2024-07-21 08:00:00.000,0.002194
2024-07-21 16:00:00.000,0.000646
2024-07-22 00:00:00.000,0.009136
2024-07-22 08:00:00.000,0.005953
2024-07-22 16:00:00.000,0.002769
2024-07-23 00:00:00.000,0.004709
2024-07-23 08:00:00.000,0.00431
2024-07-23 16:00:00.000,0.004642
2024-07-24 00:00:00.000,0.01
2024-07-24 08:00:00.000,0.01
2024-07-24 16:00:00.000,0.01
2024-07-25 00:00:00.000,0.01
2024-07-25 08:00:00.000,0.01
2024-07-25 16:00:00.000,0.01
2024-07-26 00:00:00.000,0.01
2024-07-26 08:00:00.000,0.01
2024-07-26 16:00:00.000,0.00334
2024-07-27 00:00:00.000,0.006547
2024-07-27 08:00:00.000,0.008022
2024-07-27 16:00:00.000,0.009108999999999999
2024-07-28 00:00:00.000,0.00818
2024-07-28 08:00:00.000,0.009177
2024-07-28 16:00:00.001,0.002804
2024-07-29 00:00:00.001,0.008360999999999999
2024-07-29 08:00:00.000,0.005623
2024-07-29 16:00:00.001,0.01
2024-07-30 00:00:00.000,0.003396
2024-07-30 08:00:00.001,0.003562
2024-07-30 16:00:00.000,0.007690999999999999
2024-07-31 00:00:00.000,0.003063
2024-07-31 08:00:00.000,0.0071779999999999995
2024-07-31 16:00:00.000,0.0038260000000000004
2024-08-01 00:00:00.000,0.008208
2024-08-01 08:00:00.000,0.01
2024-08-01 16:00:00.000,0.01
2024-08-02 00:00:00.000,0.01
2024-08-02 08:00:00.001,0.01
2024-08-02 16:00:00.000,0.01
2024-08-03 00:00:00.000,0.01
2024-08-03 08:00:00.000,0.009788
2024-08-03 16:00:00.001,0.004247
2024-08-04 00:00:00.000,0.01
2024-08-04 08:00:00.000,0.0053430000000000005
2024-08-04 16:00:00.000,0.01
2024-08-05 00:00:00.000,0.01
2024-08-05 08:00:00.000,0.004429
2024-08-05 16:00:00.000,0.005967
2024-08-06 00:00:00.000,0.003566
2024-08-06 08:00:00.000,-0.002845
2024-08-06 16:00:00.000,0.004485
2024-08-07 00:00:00.000,-0.0007300000000000001
2024-08-07 08:00:00.001,-0.0068590000000000005
2024-08-07 16:00:00.000,0.0032410000000000004
2024-08-08 00:00:00.001,0.002637
2024-08-08 08:00:00.000,0.0030859999999999998
2024-08-08 16:00:00.000,0.001147
2024-08-09 00:00:00.000,0.004994
2024-08-09 08:00:00.000,0.002184
2024-08-09 16:00:00.000,0.004846
2024-08-10 00:00:00.000,-0.003942
2024-08-10 08:00:00.000,-0.001379
2024-08-10 16:00:00.000,-0.0019490000000000002
2024-08-11 00:00:00.000,0.004049
2024-08-11 08:00:00.000,-0.001839
2024-08-11 16:00:00.001,0.001185
2024-08-12 00:00:00.000,0.001113
2024-08-12 08:00:00.000,0.008783000000000001
2024-08-12 16:00:00.000,-0.002238
2024-08-13 00:00:00.000,0.0061400000000000005
2024-08-13 08:00:00.000,0.000521
2024-08-13 16:00:00.000,-0.003902
2024-08-14 00:00:00.000,0.001152
2024-08-14 08:00:00.000,-0.00133
2024-08-14 16:00:00.000,-0.007810999999999999
2024-08-15 00:00:00.000,-0.008488
2024-08-15 08:00:00.000,0.006339
2024-08-15 16:00:00.000,-0.006181000000000001
2024-08-16 00:00:00.000,-0.011234999999999998
2024-08-16 08:00:00.000,-0.0073869999999999995
2024-08-16 16:00:00.000,-0.000557
2024-08-17 00:00:00.000,0.001912
2024-08-17 08:00:00.000,0.004177
2024-08-17 16:00:00.000,-0.000152
2024-08-18 00:00:00.000,0.003966
2024-08-18 08:00:00.000,-0.001323
2024-08-18 16:00:00.000,-0.003149
2024-08-19 00:00:00.000,-0.003616
2024-08-19 08:00:00.000,-0.00675
2024-08-19 16:00:00.002,-0.001957
2024-08-20 00:00:00.000,-0.002656
2024-08-20 08:00:00.000,0.001349
2024-08-20 16:00:00.001,0.001419
2024-08-21 00:00:00.001,-0.006756
2024-08-21 08:00:00.000,-0.000591
2024-08-21 16:00:00.001,0.00039600000000000003
2024-08-22 00:00:00.000,-0.0022289999999999996
2024-08-22 08:00:00.000,0.001338
2024-08-22 16:00:00.008,-0.007261
2024-08-23 00:00:00.000,-0.0033290000000000004
2024-08-23 08:00:00.000,0.002391
2024-08-23 16:00:00.000,-0.0043170000000000005
2024-08-24 00:00:00.000,-0.0007720000000000001
2024-08-24 08:00:00.005,-0.000723
2024-08-24 16:00:00.000,0.006395
2024-08-25 00:00:00.000,-0.0048059999999999995
2024-08-25 08:00:00.000,-0.001531
2024-08-25 16:00:00.000,0.003108
2024-08-26 00:00:00.000,0.0024389999999999998
2024-08-26 08:00:00.001,0.003448
2024-08-26 16:00:00.000,0.003789
2024-08-27 00:00:00.001,0.0027949999999999997
2024-08-27 08:00:00.000,0.001751
2024-08-27 16:00:00.000,0.0077529999999999995
2024-08-28 00:00:00.000,-0.006803
2024-08-28 08:00:00.000,0.002433
2024-08-28 16:00:00.001,0.0011430000000000001
2024-08-29 00:00:00.000,-0.000976
2024-08-29 08:00:00.001,-0.0016439999999999998
2024-08-29 16:00:00.000,0.000559
2024-08-30 00:00:00.000,0.000936
2024-08-30 08:00:00.000,0.003578
2024-08-30 16:00:00.000,0.002927
2024-08-31 00:00:00.000,-0.0017490000000000001
2024-08-31 08:00:00.000,0.003578
2024-08-31 16:00:00.000,0.0038000000000000004
2024-09-01 00:00:00.000,0.004113
2024-09-01 08:00:00.001,-0.0034319999999999997
2024-09-01 16:00:00.000,-0.00038199999999999996
2024-09-02 00:00:00.001,-0.0033859999999999997
2024-09-02 08:00:00.001,0.000248
2024-09-02 16:00:00.000,-0.000363
2024-09-03 00:00:00.000,0.006245
2024-09-03 08:00:00.001,0.005123
2024-09-03 16:00:00.000,0.004598
2024-09-04 00:00:00.000,0.002209
2024-09-04 08:00:00.000,0.00105
2024-09-04 16:00:00.000,-0.00147
2024-09-05 00:00:00.000,0.009016
2024-09-05 08:00:00.000,0.002025
2024-09-05 16:00:00.005,0.00249
2024-09-06 00:00:00.000,0.00228
2024-09-06 08:00:00.001,-1e-06
2024-09-06 16:00:00.000,0.001428
2024-09-07 00:00:00.000,-0.000557
2024-09-07 08:00:00.000,-0.007634
2024-09-07 16:00:00.000,-0.007236
2024-09-08 00:00:00.000,0.003745
2024-09-08 08:00:00.000,-0.005999
2024-09-08 16:00:00.000,-0.005245
2024-09-09 00:00:00.000,-0.007585
2024-09-09 08:00:00.000,-0.007108000000000001
2024-09-09 16:00:00.001,-0.003875
2024-09-10 00:00:00.000,-0.0060279999999999995
2024-09-10 08:00:00.000,-0.00293
2024-09-10 16:00:00.000,-0.001126
2024-09-11 00:00:00.000,-0.008953000000000001
2024-09-11 08:00:00.000,-0.002247
2024-09-11 16:00:00.000,-0.0052120000000000005
2024-09-12 00:00:00.000,-0.001951
2024-09-12 08:00:00.000,-0.000546
2024-09-12 16:00:00.000,-0.00295
2024-09-13 00:00:00.000,-6.9e-05
2024-09-13 08:00:00.001,-0.000869
2024-09-13 16:00:00.001,-0.0024430000000000003
2024-09-14 00:00:00.000,-0.008699
2024-09-14 08:00:00.000,0.0008590000000000001
2024-09-14 16:00:00.001,0.002326
2024-09-15 00:00:00.000,-0.000491
2024-09-15 08:00:00.000,1e-06
2024-09-15 16:00:00.000,0.00040199999999999996
2024-09-16 00:00:00.000,0.002402
2024-09-16 08:00:00.001,0.003564
2024-09-16 16:00:00.000,0.006762000000000001
2024-09-17 00:00:00.001,0.008529
2024-09-17 08:00:00.000,0.0019110000000000002
2024-09-17 16:00:00.000,0.005327
2024-09-18 00:00:00.000,0.001344
2024-09-18 08:00:00.000,0.0016779999999999998
2024-09-18 16:00:00.004,0.004648
2024-09-19 00:00:00.000,0.0035120000000000004
2024-09-19 08:00:00.000,0.0029490000000000002
2024-09-19 16:00:00.001,0.004072
2024-09-20 00:00:00.000,0.008065
2024-09-20 08:00:00.001,-0.000503
2024-09-20 16:00:00.000,0.005543
2024-09-21 00:00:00.001,0.004638
2024-09-21 08:00:00.000,0.01
2024-09-21 16:00:00.000,0.008234
2024-09-22 00:00:00.000,0.006285
2024-09-22 08:00:00.000,0.009254
2024-09-22 16:00:00.000,0.005537
2024-09-23 00:00:00.000,0.006546
2024-09-23 08:00:00.000,0.001364
2024-09-23 16:00:00.000,0.005304
2024-09-24 00:00:00.000,0.002324
2024-09-24 08:00:00.000,0.002895
2024-09-24 16:00:00.001,-0.000182
2024-09-25 00:00:00.000,0.001223
2024-09-25 08:00:00.003,0.0011409999999999999
2024-09-25 16:00:00.000,0.0013360000000000002
2024-09-26 00:00:00.005,0.0016500000000000002
2024-09-26 08:00:00.000,0.006246
2024-09-26 16:00:00.000,0.01
2024-09-27 00:00:00.000,0.01
2024-09-27 08:00:00.000,0.006722
2024-09-27 16:00:00.000,0.002275
2024-09-28 00:00:00.000,0.005455
2024-09-28 08:00:00.001,0.0083
2024-09-28 16:00:00.000,0.0014140000000000001
2024-09-29 00:00:00.001,0.000725
2024-09-29 08:00:00.000,0.0031279999999999997
2024-09-29 16:00:00.000,0.007253
2024-09-30 00:00:00.000,0.003077
2024-09-30 08:00:00.001,0.007939
2024-09-30 16:00:00.000,0.01
2024-10-01 00:00:00.000,0.01
2024-10-01 08:00:00.000,0.01
2024-10-01 16:00:00.001,0.01
2024-10-02 00:00:00.000,0.006632
2024-10-02 08:00:00.000,0.008409
2024-10-02 16:00:00.000,0.008190999999999999
2024-10-03 00:00:00.000,0.004381
2024-10-03 08:00:00.000,0.0037459999999999998
2024-10-03 16:00:00.000,0.00499
2024-10-04 00:00:00.000,0.007097000000000001
2024-10-04 08:00:00.000,0.002119
2024-10-04 16:00:00.001,0.000243
2024-10-05 00:00:00.000,-0.001596
2024-10-05 08:00:00.000,0.001088
2024-10-05 16:00:00.000,0.000861
2024-10-06 00:00:00.000,0.000572
2024-10-06 08:00:00.001,0.0032879999999999997
2024-10-06 16:00:00.000,0.00418
2024-10-07 00:00:00.000,0.004573
2024-10-07 08:00:00.000,-0.000952
2024-10-07 16:00:00.001,0.002177
2024-10-08 00:00:00.000,-0.0016779999999999998
2024-10-08 08:00:00.000,0.007094
2024-10-08 16:00:00.000,0.0081
2024-10-09 00:00:00.000,0.01
2024-10-09 08:00:00.000,0.005138
2024-10-09 16:00:00.000,0.007939
2024-10-10 00:00:00.000,0.00209
2024-10-10 08:00:00.000,0.001532
2024-10-10 16:00:00.000,0.01
2024-10-11 00:00:00.000,0.0022310000000000003
2024-10-11 08:00:00.000,-0.001874
2024-10-11 16:00:00.001,0.00011999999999999999
2024-10-12 00:00:00.000,0.004558
2024-10-12 08:00:00.001,0.007664
2024-10-12 16:00:00.000,-0.0014889999999999999
2024-10-13 00:00:00.000,0.0006929999999999999
2024-10-13 08:00:00.000,0.001638
2024-10-13 16:00:00.000,0.003938
2024-10-14 00:00:00.000,0.005429
2024-10-14 08:00:00.000,0.01
2024-10-14 16:00:00.000,0.01
2024-10-15 00:00:00.000,0.01
2024-10-15 08:00:00.000,0.01
2024-10-15 16:00:00.000,0.01
2024-10-16 00:00:00.000,0.008325
2024-10-16 08:00:00.001,0.0085
2024-10-16 16:00:00.000,0.01
2024-10-17 00:00:00.000,0.01
2024-10-17 08:00:00.000,0.01
2024-10-17 16:00:00.001,0.01
2024-10-18 00:00:00.010,0.01
2024-10-18 08:00:00.001,0.01
2024-10-18 16:00:00.000,0.01
2024-10-19 00:00:00.000,0.01
2024-10-19 08:00:00.000,0.01
2024-10-19 16:00:00.000,0.01
2024-10-20 00:00:00.000,0.01
2024-10-20 08:00:00.000,0.01
2024-10-20 16:00:00.000,0.01
2024-10-21 00:00:00.000,0.01
2024-10-21 08:00:00.000,0.01
2024-10-21 16:00:00.000,0.01
2024-10-22 00:00:00.000,0.01
2024-10-22 08:00:00.000,0.01
2024-10-22 16:00:00.000,0.01
2024-10-23 00:00:00.000,0.01
2024-10-23 08:00:00.000,0.01
2024-10-23 16:00:00.000,0.01
2024-10-24 00:00:00.000,0.01
2024-10-24 08:00:00.000,0.01
2024-10-24 16:00:00.000,0.01
2024-10-25 00:00:00.000,0.01
2024-10-25 08:00:00.000,0.01
2024-10-25 16:00:00.000,0.01
2024-10-26 00:00:00.000,0.004755
2024-10-26 08:00:00.001,0.007569
2024-10-26 16:00:00.000,0.01
2024-10-27 00:00:00.000,0.01
2024-10-27 08:00:00.000,0.009724
2024-10-27 16:00:00.000,0.01
2024-10-28 00:00:00.000,0.009425
2024-10-28 08:00:00.001,0.01
2024-10-28 16:00:00.000,0.008946
2024-10-29 00:00:00.000,0.01
2024-10-29 08:00:00.000,0.01
2024-10-29 16:00:00.004,0.01
2024-10-30 00:00:00.000,0.01
2024-10-30 08:00:00.000,0.01
2024-10-30 16:00:00.013,0.01
2024-10-31 00:00:00.000,0.01
2024-10-31 08:00:00.000,0.01
2024-10-31 16:00:00.000,0.01
2024-11-01 00:00:00.000,0.01
2024-11-01 08:00:00.000,0.01
2024-11-01 16:00:00.000,0.01
2024-11-02 00:00:00.000,0.01
2024-11-02 08:00:00.000,0.01
2024-11-02 16:00:00.000,0.01
2024-11-03 00:00:00.000,0.01
2024-11-03 08:00:00.000,0.01
2024-11-03 16:00:00.000,0.01
2024-11-04 00:00:00.000,0.01
2024-11-04 08:00:00.000,0.01
2024-11-04 16:00:00.000,0.01
2024-11-05 00:00:00.000,0.01
2024-11-05 08:00:00.003,0.01
2024-11-05 16:00:00.001,0.01
2024-11-06 00:00:00.000,0.01
2024-11-06 08:00:00.000,0.01
2024-11-06 16:00:00.000,0.01
2024-11-07 00:00:00.000,0.01
2024-11-07 08:00:00.000,0.01
2024-11-07 16:00:00.000,0.01
2024-11-08 00:00:00.000,0.01
2024-11-08 08:00:00.000,0.01
2024-11-08 16:00:00.000,0.01
2024-11-09 00:00:00.000,0.01
2024-11-09 08:00:00.000,0.01
2024-11-09 16:00:00.000,0.01
2024-11-10 00:00:00.000,0.01
2024-11-10 08:00:00.000,0.025603000000000004
2024-11-10 16:00:00.000,0.014113
2024-11-11 00:00:00.001,0.036877999999999994
2024-11-11 08:00:00.000,0.01
2024-11-11 16:00:00.000,0.01
2024-11-12 00:00:00.002,0.049133
2024-11-12 08:00:00.000,0.043737000000000005
2024-11-12 16:00:00.000,0.038754000000000004
2024-11-13 00:00:00.000,0.01
2024-11-13 08:00:00.010,0.013101000000000002
2024-11-13 16:00:00.000,0.021856
2024-11-14 00:00:00.001,0.01
2024-11-14 08:00:00.000,0.01
2024-11-14 16:00:00.000,0.01
2024-11-15 00:00:00.000,0.01
2024-11-15 08:00:00.000,0.01
2024-11-15 16:00:00.000,0.010977
2024-11-16 00:00:00.001,0.01
2024-11-16 08:00:00.001,0.01
2024-11-16 16:00:00.000,0.013231000000000001
2024-11-17 00:00:00.000,0.015765
2024-11-17 08:00:00.000,0.01
2024-11-17 16:00:00.001,0.010577
2024-11-18 00:00:00.000,0.01
2024-11-18 08:00:00.000,0.03645
2024-11-18 16:00:00.000,0.021318
2024-11-19 00:00:00.000,0.021606
2024-11-19 08:00:00.000,0.030216
2024-11-19 16:00:00.000,0.017959
2024-11-20 00:00:00.003,0.01
2024-11-20 08:00:00.000,0.01
2024-11-20 16:00:00.000,0.01
2024-11-21 00:00:00.001,0.01
2024-11-21 08:00:00.000,0.01
2024-11-21 16:00:00.001,0.01
2024-11-22 00:00:00.000,0.01
2024-11-22 08:00:00.000,0.01
2024-11-22 16:00:00.001,0.01
2024-11-23 00:00:00.000,0.01
2024-11-23 08:00:00.000,0.01
2024-11-23 16:00:00.000,0.01
2024-11-24 00:00:00.001,0.01
2024-11-24 08:00:00.000,0.016148
2024-11-24 16:00:00.000,0.023228
2024-11-25 00:00:00.000,0.021034999999999998
2024-11-25 08:00:00.000,0.01
2024-11-25 16:00:00.000,0.025233
2024-11-26 00:00:00.000,0.021902
2024-11-26 08:00:00.000,0.017936
2024-11-26 16:00:00.000,0.029599
2024-11-27 00:00:00.000,0.031205000000000004
2024-11-27 08:00:00.000,0.016794999999999997
2024-11-27 16:00:00.001,0.01
2024-11-28 00:00:00.000,0.01
2024-11-28 08:00:00.000,0.014326
2024-11-28 16:00:00.000,0.011859
2024-11-29 00:00:00.000,0.020619000000000002
2024-11-29 08:00:00.000,0.011747
2024-11-29 16:00:00.000,0.021921
2024-11-30 00:00:00.000,0.01
2024-11-30 08:00:00.000,0.015909
2024-11-30 16:00:00.000,0.012063
2024-12-01 00:00:00.000,0.015901000000000002
2024-12-01 08:00:00.000,0.019581
2024-12-01 16:00:00.000,0.01
2024-12-02 00:00:00.001,0.025726
2024-12-02 08:00:00.001,0.024555999999999998
2024-12-02 16:00:00.000,0.013387
2024-12-03 00:00:00.000,0.012778999999999999
2024-12-03 08:00:00.000,0.024926
2024-12-03 16:00:00.000,0.011951999999999999
2024-12-04 00:00:00.000,0.026634
2024-12-04 08:00:00.000,0.026254000000000003
2024-12-04 16:00:00.000,0.023233999999999998
2024-12-05 00:00:00.001,0.027625000000000004
2024-12-05 08:00:00.000,0.072446
2024-12-05 16:00:00.000,0.047059000000000004
2024-12-06 00:00:00.000,0.01
2024-12-06 08:00:00.000,0.014634000000000001
2024-12-06 16:00:00.000,0.01
2024-12-07 00:00:00.000,0.031972
2024-12-07 08:00:00.000,0.012374
2024-12-07 16:00:00.000,0.014090000000000002
2024-12-08 00:00:00.000,0.016985
2024-12-08 08:00:00.000,0.016572
2024-12-08 16:00:00.000,0.01758
2024-12-09 00:00:00.000,0.030413
2024-12-09 08:00:00.000,0.021032000000000002
2024-12-09 16:00:00.001,0.011115
2024-12-10 00:00:00.007,0.01
2024-12-10 08:00:00.000,0.01
2024-12-10 16:00:00.000,0.01
2024-12-11 00:00:00.000,0.01
2024-12-11 08:00:00.000,0.01
2024-12-11 16:00:00.001,0.01
2024-12-12 00:00:00.001,0.01
2024-12-12 08:00:00.000,0.01
2024-12-12 16:00:00.001,0.01
2024-12-13 00:00:00.000,0.01
2024-12-13 08:00:00.000,0.01
2024-12-13 16:00:00.001,0.01
2024-12-14 00:00:00.000,0.00675
2024-12-14 08:00:00.000,0.01
2024-12-14 16:00:00.000,0.01
2024-12-15 00:00:00.000,0.01
2024-12-15 08:00:00.000,0.008194
2024-12-15 16:00:00.000,0.01
2024-12-16 00:00:00.000,0.01
2024-12-16 08:00:00.001,0.01
2024-12-16 16:00:00.000,0.009181
2024-12-17 00:00:00.000,0.007866
2024-12-17 08:00:00.000,0.01
2024-12-17 16:00:00.000,0.01
2024-12-18 00:00:00.000,0.01
2024-12-18 08:00:00.000,0.009158999999999999
2024-12-18 16:00:00.000,0.01
2024-12-19 00:00:00.000,0.01
2024-12-19 08:00:00.000,0.01
2024-12-19 16:00:00.000,0.01
2024-12-20 00:00:00.000,0.01
2024-12-20 08:00:00.001,0.01
2024-12-20 16:00:00.014,0.01
2024-12-21 00:00:00.000,0.01
2024-12-21 08:00:00.000,0.001206
2024-12-21 16:00:00.001,0.01
2024-12-22 00:00:00.000,0.01
2024-12-22 08:00:00.000,0.01
2024-12-22 16:00:00.000,0.009629
2024-12-23 00:00:00.000,0.01
2024-12-23 08:00:00.000,0.01
2024-12-23 16:00:00.001,0.008981
2024-12-24 00:00:00.000,0.01
2024-12-24 08:00:00.000,0.01
2024-12-24 16:00:00.001,0.01
2024-12-25 00:00:00.001,0.01
2024-12-25 08:00:00.000,0.01
2024-12-25 16:00:00.000,0.01
2024-12-26 00:00:00.000,0.009827
2024-12-26 08:00:00.000,0.007453
2024-12-26 16:00:00.000,0.008585
2024-12-27 00:00:00.000,0.01
2024-12-27 08:00:00.000,0.01
2024-12-27 16:00:00.000,0.01
2024-12-28 00:00:00.001,0.01
2024-12-28 08:00:00.000,0.007639000000000001
2024-12-28 16:00:00.000,0.0051730000000000005
2024-12-29 00:00:00.000,0.008013
2024-12-29 08:00:00.000,0.01
2024-12-29 16:00:00.000,0.01
2024-12-30 00:00:00.000,-4.2e-05
2024-12-30 08:00:00.001,0.008791
2024-12-30 16:00:00.000,0.01
2024-12-31 00:00:00.000,0.01
2024-12-31 08:00:00.000,0.01
2024-12-31 16:00:00.000,0.01
2025-01-01 00:00:00.015,0.01
2025-01-01 08:00:00.000,0.01
2025-01-01 16:00:00.001,0.01
2025-01-02 00:00:00.000,0.01
2025-01-02 08:00:00.006,0.01
2025-01-02 16:00:00.000,0.01
2025-01-03 00:00:00.000,0.01
2025-01-03 08:00:00.000,0.01
2025-01-03 16:00:00.000,0.005242
2025-01-04 00:00:00.000,0.007699000000000001
2025-01-04 08:00:00.000,0.01
2025-01-04 16:00:00.000,0.000798
2025-01-05 00:00:00.000,0.01
2025-01-05 08:00:00.000,0.01
2025-01-05 16:00:00.000,0.008320000000000001
2025-01-06 00:00:00.000,0.01
2025-01-06 08:00:00.001,0.01
2025-01-06 16:00:00.000,0.01
2025-01-07 00:00:00.000,0.01
2025-01-07 08:00:00.000,0.008903000000000001
2025-01-07 16:00:00.008,0.008279
2025-01-08 00:00:00.001,0.01
2025-01-08 08:00:00.000,0.01
2025-01-08 16:00:00.000,0.01
2025-01-09 00:00:00.000,0.01
2025-01-09 08:00:00.000,0.009833999999999999
2025-01-09 16:00:00.000,-0.000544
2025-01-10 00:00:00.000,0.003966
2025-01-10 08:00:00.000,-0.00106
2025-01-10 16:00:00.000,0.008078
2025-01-11 00:00:00.000,0.00568
2025-01-11 08:00:00.000,0.0040550000000000004
2025-01-11 16:00:00.000,0.002608
2025-01-12 00:00:00.000,0.005009
2025-01-12 08:00:00.000,0.00321
2025-01-12 16:00:00.000,0.006647
2025-01-13 00:00:00.000,0.005266
2025-01-13 08:00:00.000,0.0069889999999999996
2025-01-13 16:00:00.000,0.0008810000000000001
2025-01-14 00:00:00.000,0.01
2025-01-14 08:00:00.000,0.01
2025-01-14 16:00:00.000,0.009496
2025-01-15 00:00:00.000,0.0049889999999999995
2025-01-15 08:00:00.000,0.008794999999999999
2025-01-15 16:00:00.000,0.005844
2025-01-16 00:00:00.000,0.000728
2025-01-16 08:00:00.000,0.007567999999999999
2025-01-16 16:00:00.000,0.004598
2025-01-17 00:00:00.004,0.004597
2025-01-17 08:00:00.000,0.009386
